--------------------------------------------------------
--  File created - Tuesday-April-30-2019   
--------------------------------------------------------
REM INSERTING into DEEZER.TBL_ALBUMES
SET DEFINE OFF;
Insert into DEEZER.TBL_ALBUMES (CODIGO_ALBUM,NOMBRE_ALBUM,FECHA_LANZAMIENTO,COVER,DESCRIPCION) values (1,'Viernes Latino',to_date('12-DEC-12','DD-MON-RR'),'deezer/albumes/5topiso.jpg','187 canciones - 4.560 fans');
Insert into DEEZER.TBL_ALBUMES (CODIGO_ALBUM,NOMBRE_ALBUM,FECHA_LANZAMIENTO,COVER,DESCRIPCION) values (2,'Viernes Latino',to_date('12-DEC-12','DD-MON-RR'),'deezer/albumes/adele21.jpg','187 canciones - 4.560 fans');
Insert into DEEZER.TBL_ALBUMES (CODIGO_ALBUM,NOMBRE_ALBUM,FECHA_LANZAMIENTO,COVER,DESCRIPCION) values (3,'Novedades Pop Latino',to_date('12-DEC-12','DD-MON-RR'),'deezer/albumes/5topiso.jpg','63 canciones - 8.147 fans');
Insert into DEEZER.TBL_ALBUMES (CODIGO_ALBUM,NOMBRE_ALBUM,FECHA_LANZAMIENTO,COVER,DESCRIPCION) values (4,'Territorio Indie',to_date('12-DEC-12','DD-MON-RR'),'deezer/albumes/querico.jpg','74 canciones - 74.418 fans');
Insert into DEEZER.TBL_ALBUMES (CODIGO_ALBUM,NOMBRE_ALBUM,FECHA_LANZAMIENTO,COVER,DESCRIPCION) values (5,'Musica Nueva',to_date('12-DEC-12','DD-MON-RR'),'deezer/albumes/ozuna.jpg','375 canciones - 62.347 fans');
Insert into DEEZER.TBL_ALBUMES (CODIGO_ALBUM,NOMBRE_ALBUM,FECHA_LANZAMIENTO,COVER,DESCRIPCION) values (6,'Musica Nueva',to_date('12-DEC-12','DD-MON-RR'),'deezer/albumes/5topiso.jpg','187 canciones - 4.560 fans');
Insert into DEEZER.TBL_ALBUMES (CODIGO_ALBUM,NOMBRE_ALBUM,FECHA_LANZAMIENTO,COVER,DESCRIPCION) values (7,'Novedades Pop Latino',to_date('12-DEC-12','DD-MON-RR'),'deezer/albumes/ozuna.jpg','187 canciones - 4.560 fans');
Insert into DEEZER.TBL_ALBUMES (CODIGO_ALBUM,NOMBRE_ALBUM,FECHA_LANZAMIENTO,COVER,DESCRIPCION) values (8,'Territorio Indie',to_date('12-DEC-12','DD-MON-RR'),'deezer/albumes/querico.jpg','187 canciones - 4.560 fans');
REM INSERTING into DEEZER.TBL_ARTISTAS
SET DEFINE OFF;
Insert into DEEZER.TBL_ARTISTAS (CODIGO_ARTISTA,NOMBRE_ARTISTICO,BIOGRAFIA,FECHA_DEBUT,COVER) values (1,'The Black Eye Peas','Bio of 
The Black Eyed Peas',to_date('01-JAN-18','DD-MON-RR'),'deezer/artistas/theblack.jpg');
Insert into DEEZER.TBL_ARTISTAS (CODIGO_ARTISTA,NOMBRE_ARTISTICO,BIOGRAFIA,FECHA_DEBUT,COVER) values (2,'Adele','Bio of Adele',to_date('02-JAN-17','DD-MON-RR'),'deezer/artistas/adele.jpg');
Insert into DEEZER.TBL_ARTISTAS (CODIGO_ARTISTA,NOMBRE_ARTISTICO,BIOGRAFIA,FECHA_DEBUT,COVER) values (3,'Ricardo Arjona','Bio of Ricardo 
Arjona',to_date('28-MAY-16','DD-MON-RR'),'deezer/artistas/arjona.jpg');
Insert into DEEZER.TBL_ARTISTAS (CODIGO_ARTISTA,NOMBRE_ARTISTICO,BIOGRAFIA,FECHA_DEBUT,COVER) values (4,'Daddy Yankee','Bio of Daddy 
Yankee',to_date('14-OCT-17','DD-MON-RR'),'deezer/artistas/daddyyankee.jpg');
Insert into DEEZER.TBL_ARTISTAS (CODIGO_ARTISTA,NOMBRE_ARTISTICO,BIOGRAFIA,FECHA_DEBUT,COVER) values (5,'Romeo Santos','Bio of Romeo 
Santos',to_date('21-DEC-18','DD-MON-RR'),'deezer/artistas/romeo.jpg');
Insert into DEEZER.TBL_ARTISTAS (CODIGO_ARTISTA,NOMBRE_ARTISTICO,BIOGRAFIA,FECHA_DEBUT,COVER) values (6,'Linkin Park','Bio of Linkin 
Park',to_date('14-OCT-18','DD-MON-RR'),'deezer/artistas/linkinpark.jpg');
Insert into DEEZER.TBL_ARTISTAS (CODIGO_ARTISTA,NOMBRE_ARTISTICO,BIOGRAFIA,FECHA_DEBUT,COVER) values (7,'Ozuna','Bio of Ozuna',to_date('31-MAY-18','DD-MON-RR'),'deezer/artistas/ozuna.jpg');
Insert into DEEZER.TBL_ARTISTAS (CODIGO_ARTISTA,NOMBRE_ARTISTICO,BIOGRAFIA,FECHA_DEBUT,COVER) values (8,'J. Balvin','Bio of J. Balvin',to_date('14-OCT-16','DD-MON-RR'),'deezer/artistas/jbalvin.jpg');
Insert into DEEZER.TBL_ARTISTAS (CODIGO_ARTISTA,NOMBRE_ARTISTICO,BIOGRAFIA,FECHA_DEBUT,COVER) values (9,'Taylor Swift','Bio of Taylor 
Swift',to_date('26-MAR-19','DD-MON-RR'),'deezer/artistas/taylor.jpg');
Insert into DEEZER.TBL_ARTISTAS (CODIGO_ARTISTA,NOMBRE_ARTISTICO,BIOGRAFIA,FECHA_DEBUT,COVER) values (10,'Bruno Mars','Bio of Bruno 
Mars',to_date('17-MAY-18','DD-MON-RR'),'deezer/artistas/bruno.jpg');
Insert into DEEZER.TBL_ARTISTAS (CODIGO_ARTISTA,NOMBRE_ARTISTICO,BIOGRAFIA,FECHA_DEBUT,COVER) values (11,'Banda ms','Bio of Banda ms',to_date('15-NOV-18','DD-MON-RR'),'deezer/artistas/banda.jpg');

REM INSERTING into DEEZER.TBL_ALBUMES_X_ARTISTAS
SET DEFINE OFF;
Insert into DEEZER.TBL_ALBUMES_X_ARTISTAS (CODIGO_ARTISTA,CODIGO_ALBUM) values (1,5);
Insert into DEEZER.TBL_ALBUMES_X_ARTISTAS (CODIGO_ARTISTA,CODIGO_ALBUM) values (2,2);
Insert into DEEZER.TBL_ALBUMES_X_ARTISTAS (CODIGO_ARTISTA,CODIGO_ALBUM) values (3,1);
Insert into DEEZER.TBL_ALBUMES_X_ARTISTAS (CODIGO_ARTISTA,CODIGO_ALBUM) values (3,3);
Insert into DEEZER.TBL_ALBUMES_X_ARTISTAS (CODIGO_ARTISTA,CODIGO_ALBUM) values (4,7);
Insert into DEEZER.TBL_ALBUMES_X_ARTISTAS (CODIGO_ARTISTA,CODIGO_ALBUM) values (5,4);
Insert into DEEZER.TBL_ALBUMES_X_ARTISTAS (CODIGO_ARTISTA,CODIGO_ALBUM) values (6,5);
Insert into DEEZER.TBL_ALBUMES_X_ARTISTAS (CODIGO_ARTISTA,CODIGO_ALBUM) values (7,7);
Insert into DEEZER.TBL_ALBUMES_X_ARTISTAS (CODIGO_ARTISTA,CODIGO_ALBUM) values (8,8);
Insert into DEEZER.TBL_ALBUMES_X_ARTISTAS (CODIGO_ARTISTA,CODIGO_ALBUM) values (9,3);
REM INSERTING into DEEZER.TBL_EMPRESAS_ANUNCIOS
SET DEFINE OFF;
Insert into DEEZER.TBL_EMPRESAS_ANUNCIOS (CODIGO_EMPRESA,NOMBRE_EMPRESA) values (1,'Tigo');
Insert into DEEZER.TBL_EMPRESAS_ANUNCIOS (CODIGO_EMPRESA,NOMBRE_EMPRESA) values (2,'Claro');
Insert into DEEZER.TBL_EMPRESAS_ANUNCIOS (CODIGO_EMPRESA,NOMBRE_EMPRESA) values (3,'La Colonia');
Insert into DEEZER.TBL_EMPRESAS_ANUNCIOS (CODIGO_EMPRESA,NOMBRE_EMPRESA) values (4,'Diunsa');
Insert into DEEZER.TBL_EMPRESAS_ANUNCIOS (CODIGO_EMPRESA,NOMBRE_EMPRESA) values (5,'Caribe Comp');
REM INSERTING into DEEZER.TBL_ANUNCIOS
SET DEFINE OFF;
Insert into DEEZER.TBL_ANUNCIOS (CODIGO_ANUNCIO,CODIGO_EMPRESA,ANUNCIO,FECHA_INICIO,FECHA_VENCIMIENTO) values (1,1,'Anuncio 1',to_date('01-MAR-19','DD-MON-RR'),to_date('20-OCT-19','DD-MON-RR'));
Insert into DEEZER.TBL_ANUNCIOS (CODIGO_ANUNCIO,CODIGO_EMPRESA,ANUNCIO,FECHA_INICIO,FECHA_VENCIMIENTO) values (2,2,'Anuncio 2',to_date('01-MAR-19','DD-MON-RR'),to_date('20-OCT-19','DD-MON-RR'));
Insert into DEEZER.TBL_ANUNCIOS (CODIGO_ANUNCIO,CODIGO_EMPRESA,ANUNCIO,FECHA_INICIO,FECHA_VENCIMIENTO) values (3,3,'Anuncio 3',to_date('01-MAR-19','DD-MON-RR'),to_date('20-OCT-19','DD-MON-RR'));
Insert into DEEZER.TBL_ANUNCIOS (CODIGO_ANUNCIO,CODIGO_EMPRESA,ANUNCIO,FECHA_INICIO,FECHA_VENCIMIENTO) values (4,2,'Anuncio 4',to_date('01-MAR-19','DD-MON-RR'),to_date('20-OCT-19','DD-MON-RR'));
Insert into DEEZER.TBL_ANUNCIOS (CODIGO_ANUNCIO,CODIGO_EMPRESA,ANUNCIO,FECHA_INICIO,FECHA_VENCIMIENTO) values (5,3,'Anuncio 5',to_date('01-MAR-19','DD-MON-RR'),to_date('20-OCT-19','DD-MON-RR'));
REM INSERTING into DEEZER.TBL_TIPO_LUGARES
SET DEFINE OFF;
Insert into DEEZER.TBL_TIPO_LUGARES (CODIGO_TIPO_LUGAR,NOMBRE_TIPO_LUGAR) values (1,'Ciudad');
Insert into DEEZER.TBL_TIPO_LUGARES (CODIGO_TIPO_LUGAR,NOMBRE_TIPO_LUGAR) values (2,'Pais');
Insert into DEEZER.TBL_TIPO_LUGARES (CODIGO_TIPO_LUGAR,NOMBRE_TIPO_LUGAR) values (3,'Region');
REM INSERTING into DEEZER.TBL_CODIGO_POSTAL
SET DEFINE OFF;
Insert into DEEZER.TBL_CODIGO_POSTAL (CODIGO_CLAVE_POSTAL,CODIGO_POSTAL) values (1,'504');
Insert into DEEZER.TBL_CODIGO_POSTAL (CODIGO_CLAVE_POSTAL,CODIGO_POSTAL) values (2,'502');
Insert into DEEZER.TBL_CODIGO_POSTAL (CODIGO_CLAVE_POSTAL,CODIGO_POSTAL) values (3,'501');
Insert into DEEZER.TBL_CODIGO_POSTAL (CODIGO_CLAVE_POSTAL,CODIGO_POSTAL) values (4,'01');
Insert into DEEZER.TBL_CODIGO_POSTAL (CODIGO_CLAVE_POSTAL,CODIGO_POSTAL) values (5,'505');
Insert into DEEZER.TBL_CODIGO_POSTAL (CODIGO_CLAVE_POSTAL,CODIGO_POSTAL) values (6,'408');
Insert into DEEZER.TBL_CODIGO_POSTAL (CODIGO_CLAVE_POSTAL,CODIGO_POSTAL) values (7,'407');
Insert into DEEZER.TBL_CODIGO_POSTAL (CODIGO_CLAVE_POSTAL,CODIGO_POSTAL) values (8,'406');
REM INSERTING into DEEZER.TBL_LUGARES
SET DEFINE OFF;
Insert into DEEZER.TBL_LUGARES (CODIGO_LUGAR,CODIGO_LUGAR_PADRE,CODIGO_CLAVE_POSTAL,CODIGO_TIPO_LUGAR,NOMBRE_LUGAR) values (1,null,1,2,'Honduras');
Insert into DEEZER.TBL_LUGARES (CODIGO_LUGAR,CODIGO_LUGAR_PADRE,CODIGO_CLAVE_POSTAL,CODIGO_TIPO_LUGAR,NOMBRE_LUGAR) values (2,null,2,2,'Colombia');
Insert into DEEZER.TBL_LUGARES (CODIGO_LUGAR,CODIGO_LUGAR_PADRE,CODIGO_CLAVE_POSTAL,CODIGO_TIPO_LUGAR,NOMBRE_LUGAR) values (3,null,4,2,'Mexico');
Insert into DEEZER.TBL_LUGARES (CODIGO_LUGAR,CODIGO_LUGAR_PADRE,CODIGO_CLAVE_POSTAL,CODIGO_TIPO_LUGAR,NOMBRE_LUGAR) values (4,null,5,2,'Japon');
Insert into DEEZER.TBL_LUGARES (CODIGO_LUGAR,CODIGO_LUGAR_PADRE,CODIGO_CLAVE_POSTAL,CODIGO_TIPO_LUGAR,NOMBRE_LUGAR) values (5,null,3,2,'Canada');
Insert into DEEZER.TBL_LUGARES (CODIGO_LUGAR,CODIGO_LUGAR_PADRE,CODIGO_CLAVE_POSTAL,CODIGO_TIPO_LUGAR,NOMBRE_LUGAR) values (6,null,6,2,'Peru');
Insert into DEEZER.TBL_LUGARES (CODIGO_LUGAR,CODIGO_LUGAR_PADRE,CODIGO_CLAVE_POSTAL,CODIGO_TIPO_LUGAR,NOMBRE_LUGAR) values (7,null,7,2,'Chile');
Insert into DEEZER.TBL_LUGARES (CODIGO_LUGAR,CODIGO_LUGAR_PADRE,CODIGO_CLAVE_POSTAL,CODIGO_TIPO_LUGAR,NOMBRE_LUGAR) values (8,null,8,2,'Panama');
REM INSERTING into DEEZER.TBL_SEXOS
SET DEFINE OFF;
Insert into DEEZER.TBL_SEXOS (CODIGO_SEXO,SEXO) values (1,'Femenino');
Insert into DEEZER.TBL_SEXOS (CODIGO_SEXO,SEXO) values (2,'Masculino');
REM INSERTING into DEEZER.TBL_PERSONAS
SET DEFINE OFF;
Insert into DEEZER.TBL_PERSONAS (CODIGO_PERSONA,CODIGO_SEXO,NOMBRE,APELLIDO,FECHA_NACIMIENTO,TELEFONO) values (57,2,'oscar','fonseca',to_date('15-FEB-96','DD-MON-RR'),null);
Insert into DEEZER.TBL_PERSONAS (CODIGO_PERSONA,CODIGO_SEXO,NOMBRE,APELLIDO,FECHA_NACIMIENTO,TELEFONO) values (58,2,'bryan','anariba',to_date('20-FEB-96','DD-MON-RR'),null);
Insert into DEEZER.TBL_PERSONAS (CODIGO_PERSONA,CODIGO_SEXO,NOMBRE,APELLIDO,FECHA_NACIMIENTO,TELEFONO) values (34,2,'marco','medina',to_date('22-FEB-96','DD-MON-RR'),null);
REM INSERTING into DEEZER.TBL_RED_SOCIAL
SET DEFINE OFF;
Insert into DEEZER.TBL_RED_SOCIAL (CODIGO_RED,NOMBRE_RED) values (1,'Facebook');
Insert into DEEZER.TBL_RED_SOCIAL (CODIGO_RED,NOMBRE_RED) values (2,'Twitter');
Insert into DEEZER.TBL_RED_SOCIAL (CODIGO_RED,NOMBRE_RED) values (3,'Instagram');
REM INSERTING into DEEZER.TBL_USUARIOS
SET DEFINE OFF;
Insert into DEEZER.TBL_USUARIOS (CODIGO_USUARIO,CODIGO_LUGAR,CODIGO_RED,NOMBRE_USUARIO,CONTRASENA,FECHA_INSCRIPCION,EDAD,CORREO,FOTO) values (57,null,null,'Oscar','oscar1',to_date('30-APRIL-19','DD-MON-RR'),22,'oscar@gmail.com','deezer/fotoperfiles/perfil.jpg');
Insert into DEEZER.TBL_USUARIOS (CODIGO_USUARIO,CODIGO_LUGAR,CODIGO_RED,NOMBRE_USUARIO,CONTRASENA,FECHA_INSCRIPCION,EDAD,CORREO,FOTO) values (58,7,null,'Bryan','bryan1',to_date('30-APRIL-19','DD-MON-RR'),22,'bryan@gmail.com','deezer/fotoperfiles/perfil.jpg');
Insert into DEEZER.TBL_USUARIOS (CODIGO_USUARIO,CODIGO_LUGAR,CODIGO_RED,NOMBRE_USUARIO,CONTRASENA,FECHA_INSCRIPCION,EDAD,CORREO,FOTO) values (34,null,null,'Marco','marco1',to_date('30-APRIL-19','DD-MON-RR'),22,'marco@gmail.com','deezer/fotoperfiles/perfil.jpg');
REM INSERTING into DEEZER.TBL_CUENTAS_FREE
SET DEFINE OFF;
Insert into DEEZER.TBL_CUENTAS_FREE (CODIGO_CUENTA,CODIGO_USUARIO) values (1,57);
Insert into DEEZER.TBL_CUENTAS_FREE (CODIGO_CUENTA,CODIGO_USUARIO) values (2,58);
Insert into DEEZER.TBL_CUENTAS_FREE (CODIGO_CUENTA,CODIGO_USUARIO) values (3,34);
Insert into DEEZER.TBL_CUENTAS_FREE (CODIGO_CUENTA,CODIGO_USUARIO) values (4,57);
Insert into DEEZER.TBL_CUENTAS_FREE (CODIGO_CUENTA,CODIGO_USUARIO) values (5,34);
Insert into DEEZER.TBL_CUENTAS_FREE (CODIGO_CUENTA,CODIGO_USUARIO) values (6,57);
REM INSERTING into DEEZER.TBL_ANUNCIOS_X_USUARIOS
SET DEFINE OFF;
Insert into DEEZER.TBL_ANUNCIOS_X_USUARIOS (CODIGO_ANUNCIO,CODIGO_CUENTA) values (1,1);
Insert into DEEZER.TBL_ANUNCIOS_X_USUARIOS (CODIGO_ANUNCIO,CODIGO_CUENTA) values (2,2);
Insert into DEEZER.TBL_ANUNCIOS_X_USUARIOS (CODIGO_ANUNCIO,CODIGO_CUENTA) values (3,3);
Insert into DEEZER.TBL_ANUNCIOS_X_USUARIOS (CODIGO_ANUNCIO,CODIGO_CUENTA) values (4,3);
Insert into DEEZER.TBL_ANUNCIOS_X_USUARIOS (CODIGO_ANUNCIO,CODIGO_CUENTA) values (5,4);
REM INSERTING into DEEZER.TBL_CANCIONES
SET DEFINE OFF;
Insert into DEEZER.TBL_CANCIONES (CODIGO_CANCION,NOMBRE,DURACION,CANCION,COVER,FECHA_SUBIDA) values (1,'Corazon de seda',3.23,'deezer/canciones/cancion/CORAZON DE SEDA.mp3','deezer/canciones/covers/corazon-seda.jpg',to_date('15-JAN-19','DD-MON-RR'));
Insert into DEEZER.TBL_CANCIONES (CODIGO_CANCION,NOMBRE,DURACION,CANCION,COVER,FECHA_SUBIDA) values (2,'Odisea',2.56,'deezer/canciones/cancion/Odisea.mp3','deezer/canciones/covers/odisea.jpg',to_date('15-JAN-19','DD-MON-RR'));
Insert into DEEZER.TBL_CANCIONES (CODIGO_CANCION,NOMBRE,DURACION,CANCION,COVER,FECHA_SUBIDA) values (3,'Hello',3.32,'deezer/canciones/cancion/Hello.mp3','deezer/canciones/covers/hello.jpg',to_date('15-JAN-19','DD-MON-RR'));
Insert into DEEZER.TBL_CANCIONES (CODIGO_CANCION,NOMBRE,DURACION,CANCION,COVER,FECHA_SUBIDA) values (4,'Someone like you',3.02,'deezer/canciones/cancion/Someone Like You.mp3','deezer/canciones/covers/someone like you.png',to_date('15-JAN-19','DD-MON-RR'));
Insert into DEEZER.TBL_CANCIONES (CODIGO_CANCION,NOMBRE,DURACION,CANCION,COVER,FECHA_SUBIDA) values (5,'Ella',4.03,'deezer/canciones/cancion/Ella.mp3','deezer/canciones/covers/ella.jpg',to_date('15-JAN-19','DD-MON-RR'));
Insert into DEEZER.TBL_CANCIONES (CODIGO_CANCION,NOMBRE,DURACION,CANCION,COVER,FECHA_SUBIDA) values (6,'Fuiste Tu',2.32,'deezer/canciones/cancion/Fuiste tu.mp3','deezer/canciones/covers/fuiste-tu.jpg',to_date('15-JAN-19','DD-MON-RR'));
Insert into DEEZER.TBL_CANCIONES (CODIGO_CANCION,NOMBRE,DURACION,CANCION,COVER,FECHA_SUBIDA) values (7,'One more Light',4.04,'deezer/canciones/cancion/One More Light.mp3','deezer/canciones/covers/onemore.jpg',to_date('15-JAN-19','DD-MON-RR'));
Insert into DEEZER.TBL_CANCIONES (CODIGO_CANCION,NOMBRE,DURACION,CANCION,COVER,FECHA_SUBIDA) values (8,'In The End',2.29,'deezer/canciones/cancion/In The End.mp3','deezer/canciones/covers/LinkinParkIntheEnd.jpg',to_date('15-JAN-19','DD-MON-RR'));
Insert into DEEZER.TBL_CANCIONES (CODIGO_CANCION,NOMBRE,DURACION,CANCION,COVER,FECHA_SUBIDA) values (9,'A Lo Mejor',3.59,'deezer/canciones/cancion/A LO MEJOR.mp3','deezer/canciones/covers/alomejor.jpg',to_date('15-JAN-19','DD-MON-RR'));
Insert into DEEZER.TBL_CANCIONES (CODIGO_CANCION,NOMBRE,DURACION,CANCION,COVER,FECHA_SUBIDA) values (10,'Hablame De Ti',2.38,'deezer/canciones/cancion/Hablame De Ti.mp3','deezer/canciones/covers/hablamedeti.jpg',to_date('15-JAN-19','DD-MON-RR'));
Insert into DEEZER.TBL_CANCIONES (CODIGO_CANCION,NOMBRE,DURACION,CANCION,COVER,FECHA_SUBIDA) values (11,'Bella Y Sensual',3.21,'deezer/canciones/cancion/Bella y Sensual.mp3','deezer/canciones/covers/Bella-Y-Sensual.jpg',to_date('15-JAN-19','DD-MON-RR'));
Insert into DEEZER.TBL_CANCIONES (CODIGO_CANCION,NOMBRE,DURACION,CANCION,COVER,FECHA_SUBIDA) values (12,'Imitadora',3.34,'deezer/canciones/cancion/Imitadora.mp3','deezer/canciones/covers/imitadora.jpg',to_date('15-JAN-19','DD-MON-RR'));
Insert into DEEZER.TBL_CANCIONES (CODIGO_CANCION,NOMBRE,DURACION,CANCION,COVER,FECHA_SUBIDA) values (13,'La Rompe Corazones',2.59,'deezer/canciones/cancion/la rompe corazones.mp3','deezer/canciones/covers/la-Rompe-Corazones.jpg',to_date('15-JAN-19','DD-MON-RR'));
REM INSERTING into DEEZER.TBL_CANCIONES_X_ALBUM
SET DEFINE OFF;
Insert into DEEZER.TBL_CANCIONES_X_ALBUM (CODIGO_CANCION,CODIGO_ALBUM) values (1,2);
Insert into DEEZER.TBL_CANCIONES_X_ALBUM (CODIGO_CANCION,CODIGO_ALBUM) values (2,2);
Insert into DEEZER.TBL_CANCIONES_X_ALBUM (CODIGO_CANCION,CODIGO_ALBUM) values (10,2);
Insert into DEEZER.TBL_CANCIONES_X_ALBUM (CODIGO_CANCION,CODIGO_ALBUM) values (5,3);
Insert into DEEZER.TBL_CANCIONES_X_ALBUM (CODIGO_CANCION,CODIGO_ALBUM) values (6,3);
Insert into DEEZER.TBL_CANCIONES_X_ALBUM (CODIGO_CANCION,CODIGO_ALBUM) values (8,4);
Insert into DEEZER.TBL_CANCIONES_X_ALBUM (CODIGO_CANCION,CODIGO_ALBUM) values (3,5);
Insert into DEEZER.TBL_CANCIONES_X_ALBUM (CODIGO_CANCION,CODIGO_ALBUM) values (11,5);
Insert into DEEZER.TBL_CANCIONES_X_ALBUM (CODIGO_CANCION,CODIGO_ALBUM) values (4,6);
Insert into DEEZER.TBL_CANCIONES_X_ALBUM (CODIGO_CANCION,CODIGO_ALBUM) values (7,6);
Insert into DEEZER.TBL_CANCIONES_X_ALBUM (CODIGO_CANCION,CODIGO_ALBUM) values (9,7);
Insert into DEEZER.TBL_CANCIONES_X_ALBUM (CODIGO_CANCION,CODIGO_ALBUM) values (12,8);
Insert into DEEZER.TBL_CANCIONES_X_ALBUM (CODIGO_CANCION,CODIGO_ALBUM) values (13,8);
REM INSERTING into DEEZER.TBL_CANCIONES_X_ARTISTA
SET DEFINE OFF;
Insert into DEEZER.TBL_CANCIONES_X_ARTISTA (CODIGO_CANCION,CODIGO_ARTISTA) values (1,7);
Insert into DEEZER.TBL_CANCIONES_X_ARTISTA (CODIGO_CANCION,CODIGO_ARTISTA) values (2,7);
Insert into DEEZER.TBL_CANCIONES_X_ARTISTA (CODIGO_CANCION,CODIGO_ARTISTA) values (3,2);
Insert into DEEZER.TBL_CANCIONES_X_ARTISTA (CODIGO_CANCION,CODIGO_ARTISTA) values (3,8);
Insert into DEEZER.TBL_CANCIONES_X_ARTISTA (CODIGO_CANCION,CODIGO_ARTISTA) values (4,2);
Insert into DEEZER.TBL_CANCIONES_X_ARTISTA (CODIGO_CANCION,CODIGO_ARTISTA) values (5,3);
Insert into DEEZER.TBL_CANCIONES_X_ARTISTA (CODIGO_CANCION,CODIGO_ARTISTA) values (6,1);
Insert into DEEZER.TBL_CANCIONES_X_ARTISTA (CODIGO_CANCION,CODIGO_ARTISTA) values (6,3);
Insert into DEEZER.TBL_CANCIONES_X_ARTISTA (CODIGO_CANCION,CODIGO_ARTISTA) values (7,6);
Insert into DEEZER.TBL_CANCIONES_X_ARTISTA (CODIGO_CANCION,CODIGO_ARTISTA) values (8,2);
Insert into DEEZER.TBL_CANCIONES_X_ARTISTA (CODIGO_CANCION,CODIGO_ARTISTA) values (8,6);
Insert into DEEZER.TBL_CANCIONES_X_ARTISTA (CODIGO_CANCION,CODIGO_ARTISTA) values (9,11);
Insert into DEEZER.TBL_CANCIONES_X_ARTISTA (CODIGO_CANCION,CODIGO_ARTISTA) values (10,11);
Insert into DEEZER.TBL_CANCIONES_X_ARTISTA (CODIGO_CANCION,CODIGO_ARTISTA) values (11,5);
Insert into DEEZER.TBL_CANCIONES_X_ARTISTA (CODIGO_CANCION,CODIGO_ARTISTA) values (12,5);
Insert into DEEZER.TBL_CANCIONES_X_ARTISTA (CODIGO_CANCION,CODIGO_ARTISTA) values (13,4);
Insert into DEEZER.TBL_CANCIONES_X_ARTISTA (CODIGO_CANCION,CODIGO_ARTISTA) values (13,7);

REM INSERTING into DEEZER.TBL_TIPO_PLAYLIST
SET DEFINE OFF;
Insert into DEEZER.TBL_TIPO_PLAYLIST (CODIGO_TIPO_PLAYLIST,NOMBRE) values (1,'Pop');
Insert into DEEZER.TBL_TIPO_PLAYLIST (CODIGO_TIPO_PLAYLIST,NOMBRE) values (2,'Rock');
Insert into DEEZER.TBL_TIPO_PLAYLIST (CODIGO_TIPO_PLAYLIST,NOMBRE) values (3,'Reggaeton');
Insert into DEEZER.TBL_TIPO_PLAYLIST (CODIGO_TIPO_PLAYLIST,NOMBRE) values (4,'Bachata');
Insert into DEEZER.TBL_TIPO_PLAYLIST (CODIGO_TIPO_PLAYLIST,NOMBRE) values (5,'Salsa');
Insert into DEEZER.TBL_TIPO_PLAYLIST (CODIGO_TIPO_PLAYLIST,NOMBRE) values (6,'Jazz');
Insert into DEEZER.TBL_TIPO_PLAYLIST (CODIGO_TIPO_PLAYLIST,NOMBRE) values (7,'Rap');
Insert into DEEZER.TBL_TIPO_PLAYLIST (CODIGO_TIPO_PLAYLIST,NOMBRE) values (8,'Tecno');
REM INSERTING into DEEZER.TBL_PLAYLIST
SET DEFINE OFF;
Insert into DEEZER.TBL_PLAYLIST (CODIGO_PLAYLIST,CODIGO_TIPO_PLAYLIST,NOMBRE_PLAYLIST,DESCRIPCION_PLAYLIST,FECHA_CREACION_PLAYLIST,NUMERO_SEGUIDORES,COVER) values (1,1,'Pop Joy','60 canciones - 536.892 fans',to_date('12-DEC-12','DD-MON-RR'),32,'deezer/playlist/popwork.jpg');
Insert into DEEZER.TBL_PLAYLIST (CODIGO_PLAYLIST,CODIGO_TIPO_PLAYLIST,NOMBRE_PLAYLIST,DESCRIPCION_PLAYLIST,FECHA_CREACION_PLAYLIST,NUMERO_SEGUIDORES,COVER) values (2,2,'¡Caliente!','80 canciones - 536.892 fans',to_date('12-DEC-12','DD-MON-RR'),45,'deezer/playlist/popall.jpg');
Insert into DEEZER.TBL_PLAYLIST (CODIGO_PLAYLIST,CODIGO_TIPO_PLAYLIST,NOMBRE_PLAYLIST,DESCRIPCION_PLAYLIST,FECHA_CREACION_PLAYLIST,NUMERO_SEGUIDORES,COVER) values (3,3,'Fuego Latino','44 canciones - 536.892 fans',to_date('12-DEC-12','DD-MON-RR'),4455,'deezer/playlist/reggaeton.jpg');
Insert into DEEZER.TBL_PLAYLIST (CODIGO_PLAYLIST,CODIGO_TIPO_PLAYLIST,NOMBRE_PLAYLIST,DESCRIPCION_PLAYLIST,FECHA_CREACION_PLAYLIST,NUMERO_SEGUIDORES,COVER) values (4,4,'Acoustic PoP','60 canciones - 536.892 fans',to_date('12-DEC-12','DD-MON-RR'),554,'deezer/playlist/bachata.jpg');
Insert into DEEZER.TBL_PLAYLIST (CODIGO_PLAYLIST,CODIGO_TIPO_PLAYLIST,NOMBRE_PLAYLIST,DESCRIPCION_PLAYLIST,FECHA_CREACION_PLAYLIST,NUMERO_SEGUIDORES,COVER) values (5,5,'Reggaeton Party','50 canciones - 536.892 fans',to_date('12-DEC-12','DD-MON-RR'),21,'deezer/playlist/hits.jpg');
Insert into DEEZER.TBL_PLAYLIST (CODIGO_PLAYLIST,CODIGO_TIPO_PLAYLIST,NOMBRE_PLAYLIST,DESCRIPCION_PLAYLIST,FECHA_CREACION_PLAYLIST,NUMERO_SEGUIDORES,COVER) values (6,3,'Vamos Pa La Playa','30 canciones - 536.892 fans',to_date('12-DEC-12','DD-MON-RR'),768,'deezer/playlist/reggaetonclassic.jpg');
Insert into DEEZER.TBL_PLAYLIST (CODIGO_PLAYLIST,CODIGO_TIPO_PLAYLIST,NOMBRE_PLAYLIST,DESCRIPCION_PLAYLIST,FECHA_CREACION_PLAYLIST,NUMERO_SEGUIDORES,COVER) values (7,8,'Reggaeton Clasico','26 canciones - 536.892 fans',to_date('12-DEC-12','DD-MON-RR'),4455,'deezer/playlist/linkinpark.jpg');
Insert into DEEZER.TBL_PLAYLIST (CODIGO_PLAYLIST,CODIGO_TIPO_PLAYLIST,NOMBRE_PLAYLIST,DESCRIPCION_PLAYLIST,FECHA_CREACION_PLAYLIST,NUMERO_SEGUIDORES,COVER) values (8,1,'Genero Latino','60 canciones - 536.892 fans',to_date('12-DEC-12','DD-MON-RR'),443,'deezer/playlist/tophonduras.jpg');
Insert into DEEZER.TBL_PLAYLIST (CODIGO_PLAYLIST,CODIGO_TIPO_PLAYLIST,NOMBRE_PLAYLIST,DESCRIPCION_PLAYLIST,FECHA_CREACION_PLAYLIST,NUMERO_SEGUIDORES,COVER) values (9,2,'Sexy Party','Desc Playlist 9',to_date('12-DEC-12','DD-MON-RR'),544,'deezer/playlist/sexyparty.jpg');

REM INSERTING into DEEZER.TBL_CANCIONES_X_PLAYLIST
SET DEFINE OFF;
Insert into DEEZER.TBL_CANCIONES_X_PLAYLIST (CODIGO_CANCION,CODIGO_PLAYLIST) values (5,1);
Insert into DEEZER.TBL_CANCIONES_X_PLAYLIST (CODIGO_CANCION,CODIGO_PLAYLIST) values (6,1);
Insert into DEEZER.TBL_CANCIONES_X_PLAYLIST (CODIGO_CANCION,CODIGO_PLAYLIST) values (8,1);
Insert into DEEZER.TBL_CANCIONES_X_PLAYLIST (CODIGO_CANCION,CODIGO_PLAYLIST) values (13,1);
Insert into DEEZER.TBL_CANCIONES_X_PLAYLIST (CODIGO_CANCION,CODIGO_PLAYLIST) values (5,2);
Insert into DEEZER.TBL_CANCIONES_X_PLAYLIST (CODIGO_CANCION,CODIGO_PLAYLIST) values (7,2);
Insert into DEEZER.TBL_CANCIONES_X_PLAYLIST (CODIGO_CANCION,CODIGO_PLAYLIST) values (9,2);
Insert into DEEZER.TBL_CANCIONES_X_PLAYLIST (CODIGO_CANCION,CODIGO_PLAYLIST) values (12,2);
Insert into DEEZER.TBL_CANCIONES_X_PLAYLIST (CODIGO_CANCION,CODIGO_PLAYLIST) values (13,2);
Insert into DEEZER.TBL_CANCIONES_X_PLAYLIST (CODIGO_CANCION,CODIGO_PLAYLIST) values (1,3);
Insert into DEEZER.TBL_CANCIONES_X_PLAYLIST (CODIGO_CANCION,CODIGO_PLAYLIST) values (2,3);
Insert into DEEZER.TBL_CANCIONES_X_PLAYLIST (CODIGO_CANCION,CODIGO_PLAYLIST) values (3,3);
Insert into DEEZER.TBL_CANCIONES_X_PLAYLIST (CODIGO_CANCION,CODIGO_PLAYLIST) values (4,3);
Insert into DEEZER.TBL_CANCIONES_X_PLAYLIST (CODIGO_CANCION,CODIGO_PLAYLIST) values (6,3);
Insert into DEEZER.TBL_CANCIONES_X_PLAYLIST (CODIGO_CANCION,CODIGO_PLAYLIST) values (10,3);
Insert into DEEZER.TBL_CANCIONES_X_PLAYLIST (CODIGO_CANCION,CODIGO_PLAYLIST) values (11,3);
Insert into DEEZER.TBL_CANCIONES_X_PLAYLIST (CODIGO_CANCION,CODIGO_PLAYLIST) values (12,3);
Insert into DEEZER.TBL_CANCIONES_X_PLAYLIST (CODIGO_CANCION,CODIGO_PLAYLIST) values (1,4);
Insert into DEEZER.TBL_CANCIONES_X_PLAYLIST (CODIGO_CANCION,CODIGO_PLAYLIST) values (2,4);
Insert into DEEZER.TBL_CANCIONES_X_PLAYLIST (CODIGO_CANCION,CODIGO_PLAYLIST) values (3,4);
Insert into DEEZER.TBL_CANCIONES_X_PLAYLIST (CODIGO_CANCION,CODIGO_PLAYLIST) values (5,4);
Insert into DEEZER.TBL_CANCIONES_X_PLAYLIST (CODIGO_CANCION,CODIGO_PLAYLIST) values (10,4);
Insert into DEEZER.TBL_CANCIONES_X_PLAYLIST (CODIGO_CANCION,CODIGO_PLAYLIST) values (11,4);
Insert into DEEZER.TBL_CANCIONES_X_PLAYLIST (CODIGO_CANCION,CODIGO_PLAYLIST) values (1,5);
Insert into DEEZER.TBL_CANCIONES_X_PLAYLIST (CODIGO_CANCION,CODIGO_PLAYLIST) values (2,5);
Insert into DEEZER.TBL_CANCIONES_X_PLAYLIST (CODIGO_CANCION,CODIGO_PLAYLIST) values (3,5);
Insert into DEEZER.TBL_CANCIONES_X_PLAYLIST (CODIGO_CANCION,CODIGO_PLAYLIST) values (4,5);
Insert into DEEZER.TBL_CANCIONES_X_PLAYLIST (CODIGO_CANCION,CODIGO_PLAYLIST) values (9,5);
Insert into DEEZER.TBL_CANCIONES_X_PLAYLIST (CODIGO_CANCION,CODIGO_PLAYLIST) values (10,5);
Insert into DEEZER.TBL_CANCIONES_X_PLAYLIST (CODIGO_CANCION,CODIGO_PLAYLIST) values (11,5);
Insert into DEEZER.TBL_CANCIONES_X_PLAYLIST (CODIGO_CANCION,CODIGO_PLAYLIST) values (1,6);
Insert into DEEZER.TBL_CANCIONES_X_PLAYLIST (CODIGO_CANCION,CODIGO_PLAYLIST) values (3,6);
Insert into DEEZER.TBL_CANCIONES_X_PLAYLIST (CODIGO_CANCION,CODIGO_PLAYLIST) values (4,6);
Insert into DEEZER.TBL_CANCIONES_X_PLAYLIST (CODIGO_CANCION,CODIGO_PLAYLIST) values (5,6);
Insert into DEEZER.TBL_CANCIONES_X_PLAYLIST (CODIGO_CANCION,CODIGO_PLAYLIST) values (8,6);
Insert into DEEZER.TBL_CANCIONES_X_PLAYLIST (CODIGO_CANCION,CODIGO_PLAYLIST) values (9,6);
Insert into DEEZER.TBL_CANCIONES_X_PLAYLIST (CODIGO_CANCION,CODIGO_PLAYLIST) values (13,6);
Insert into DEEZER.TBL_CANCIONES_X_PLAYLIST (CODIGO_CANCION,CODIGO_PLAYLIST) values (4,7);
Insert into DEEZER.TBL_CANCIONES_X_PLAYLIST (CODIGO_CANCION,CODIGO_PLAYLIST) values (7,7);
Insert into DEEZER.TBL_CANCIONES_X_PLAYLIST (CODIGO_CANCION,CODIGO_PLAYLIST) values (8,7);
Insert into DEEZER.TBL_CANCIONES_X_PLAYLIST (CODIGO_CANCION,CODIGO_PLAYLIST) values (12,7);
Insert into DEEZER.TBL_CANCIONES_X_PLAYLIST (CODIGO_CANCION,CODIGO_PLAYLIST) values (4,8);
Insert into DEEZER.TBL_CANCIONES_X_PLAYLIST (CODIGO_CANCION,CODIGO_PLAYLIST) values (5,8);
Insert into DEEZER.TBL_CANCIONES_X_PLAYLIST (CODIGO_CANCION,CODIGO_PLAYLIST) values (6,8);
Insert into DEEZER.TBL_CANCIONES_X_PLAYLIST (CODIGO_CANCION,CODIGO_PLAYLIST) values (7,8);

REM INSERTING into DEEZER.TBL_COMENTARIOS_ALBUM
SET DEFINE OFF;
Insert into DEEZER.TBL_COMENTARIOS_ALBUM (CODIGO_COMENTARIO,CODIGO_USUARIO,CODIGO_ALBUM,COMENTARIO,FECHA_COMENTARIO) values (1,58,3,'Comentario 1',to_date('18-JAN-19','DD-MON-RR'));
Insert into DEEZER.TBL_COMENTARIOS_ALBUM (CODIGO_COMENTARIO,CODIGO_USUARIO,CODIGO_ALBUM,COMENTARIO,FECHA_COMENTARIO) values (2,57,2,'Comentario 2',to_date('12-FEB-19','DD-MON-RR'));
Insert into DEEZER.TBL_COMENTARIOS_ALBUM (CODIGO_COMENTARIO,CODIGO_USUARIO,CODIGO_ALBUM,COMENTARIO,FECHA_COMENTARIO) values (3,58,5,'Comentario 3',to_date('22-MAR-19','DD-MON-RR'));
Insert into DEEZER.TBL_COMENTARIOS_ALBUM (CODIGO_COMENTARIO,CODIGO_USUARIO,CODIGO_ALBUM,COMENTARIO,FECHA_COMENTARIO) values (4,34,4,'Comentario 4',to_date('14-FEB-19','DD-MON-RR'));
Insert into DEEZER.TBL_COMENTARIOS_ALBUM (CODIGO_COMENTARIO,CODIGO_USUARIO,CODIGO_ALBUM,COMENTARIO,FECHA_COMENTARIO) values (5,34,2,'Comentario 5',to_date('25-JAN-19','DD-MON-RR'));
REM INSERTING into DEEZER.TBL_COMENTARIOS_ARTISTA
SET DEFINE OFF;
Insert into DEEZER.TBL_COMENTARIOS_ARTISTA (CODIGO_COMENTARIO,CODIGO_USUARIO,CODIGO_ARTISTA,COMENTARIO,FECHA_COMENTARIO) values (1,57,1,'Comentario 1',to_date('01-JAN-19','DD-MON-RR'));
Insert into DEEZER.TBL_COMENTARIOS_ARTISTA (CODIGO_COMENTARIO,CODIGO_USUARIO,CODIGO_ARTISTA,COMENTARIO,FECHA_COMENTARIO) values (2,58,2,'Comentario 2',to_date('02-FEB-19','DD-MON-RR'));
Insert into DEEZER.TBL_COMENTARIOS_ARTISTA (CODIGO_COMENTARIO,CODIGO_USUARIO,CODIGO_ARTISTA,COMENTARIO,FECHA_COMENTARIO) values (3,34,3,'Comentario 3',to_date('03-MAR-19','DD-MON-RR'));
Insert into DEEZER.TBL_COMENTARIOS_ARTISTA (CODIGO_COMENTARIO,CODIGO_USUARIO,CODIGO_ARTISTA,COMENTARIO,FECHA_COMENTARIO) values (4,34,4,'Comentario 4',to_date('04-FEB-19','DD-MON-RR'));
Insert into DEEZER.TBL_COMENTARIOS_ARTISTA (CODIGO_COMENTARIO,CODIGO_USUARIO,CODIGO_ARTISTA,COMENTARIO,FECHA_COMENTARIO) values (5,57,5,'Comentario 5',to_date('05-JAN-19','DD-MON-RR'));
REM INSERTING into DEEZER.TBL_COMENTARIOS_PLAYLIST
SET DEFINE OFF;
Insert into DEEZER.TBL_COMENTARIOS_PLAYLIST (CODIGO_COMENTARIO,CODIGO_USUARIO,CODIGO_PLAYLIST,COMENTARIO,FECHA_COMENTARIO) values (1,57,1,'Comentario 1',to_date('08-JAN-19','DD-MON-RR'));
Insert into DEEZER.TBL_COMENTARIOS_PLAYLIST (CODIGO_COMENTARIO,CODIGO_USUARIO,CODIGO_PLAYLIST,COMENTARIO,FECHA_COMENTARIO) values (2,34,3,'Comentario 2',to_date('09-FEB-19','DD-MON-RR'));
Insert into DEEZER.TBL_COMENTARIOS_PLAYLIST (CODIGO_COMENTARIO,CODIGO_USUARIO,CODIGO_PLAYLIST,COMENTARIO,FECHA_COMENTARIO) values (3,34,4,'Comentario 3',to_date('10-MAR-19','DD-MON-RR'));
Insert into DEEZER.TBL_COMENTARIOS_PLAYLIST (CODIGO_COMENTARIO,CODIGO_USUARIO,CODIGO_PLAYLIST,COMENTARIO,FECHA_COMENTARIO) values (4,58,5,'Comentario 4',to_date('11-FEB-19','DD-MON-RR'));
Insert into DEEZER.TBL_COMENTARIOS_PLAYLIST (CODIGO_COMENTARIO,CODIGO_USUARIO,CODIGO_PLAYLIST,COMENTARIO,FECHA_COMENTARIO) values (5,57,6,'Comentario 5',to_date('12-JAN-19','DD-MON-RR'));

REM INSERTING into DEEZER.TBL_TIPOS_CUENTA_PREMIUM
SET DEFINE OFF;
Insert into DEEZER.TBL_TIPOS_CUENTA_PREMIUM (CODIGO_TIPO_PREMIUM,NOMBRE_CUENTA_PREMIUM,DESCRIPCION,PRECIO) values (1,'Golden','Desc Golden',434);
Insert into DEEZER.TBL_TIPOS_CUENTA_PREMIUM (CODIGO_TIPO_PREMIUM,NOMBRE_CUENTA_PREMIUM,DESCRIPCION,PRECIO) values (2,'Premium','Desc Premium',1253);
REM INSERTING into DEEZER.TBL_ESTADO
SET DEFINE OFF;
Insert into DEEZER.TBL_ESTADO (CODIGO_ESTADO,DESCRIPCION) values (1,'Habilitada');
Insert into DEEZER.TBL_ESTADO (CODIGO_ESTADO,DESCRIPCION) values (2,'Deshabilitada');
REM INSERTING into DEEZER.TBL_ESTADOS_CUENTAS
SET DEFINE OFF;
Insert into DEEZER.TBL_ESTADOS_CUENTAS (CODIGO_ESTADO_CUENTA,DESCRIPCION) values (1,'Activada');
Insert into DEEZER.TBL_ESTADOS_CUENTAS (CODIGO_ESTADO_CUENTA,DESCRIPCION) values (2,'Desactivada');

REM INSERTING into DEEZER.TBL_CUENTAS_PREMIUM
SET DEFINE OFF;
Insert into DEEZER.TBL_CUENTAS_PREMIUM (CODIGO_CUENTA,CODIGO_USUARIO,CODIGO_TIPO_PREMIUM,CODIGO_ESTADO_CUENTA,FECHA_INICIO,FECHA_VENCIMIENTO) values (1,57,1,1,to_date('25-MAY-19','DD-MON-RR'),to_date('28-MAY-19','DD-MON-RR'));
Insert into DEEZER.TBL_CUENTAS_PREMIUM (CODIGO_CUENTA,CODIGO_USUARIO,CODIGO_TIPO_PREMIUM,CODIGO_ESTADO_CUENTA,FECHA_INICIO,FECHA_VENCIMIENTO) values (2,58,2,2,to_date('25-MAY-19','DD-MON-RR'),to_date('28-MAY-19','DD-MON-RR'));
Insert into DEEZER.TBL_CUENTAS_PREMIUM (CODIGO_CUENTA,CODIGO_USUARIO,CODIGO_TIPO_PREMIUM,CODIGO_ESTADO_CUENTA,FECHA_INICIO,FECHA_VENCIMIENTO) values (3,34,2,1,to_date('25-MAY-19','DD-MON-RR'),to_date('28-MAY-19','DD-MON-RR'));
REM INSERTING into DEEZER.TBL_EMPLEADOS
SET DEFINE OFF;
Insert into DEEZER.TBL_EMPLEADOS (CODIGO_EMPLEADO,CODIGO_EMPLEADO_SUPERIOR,CODIGO_DEPARTAMENTO,SUELDO,CORREO,TELEFONO,IDENTIDAD) values (1,null,null,434432,'Correo@gmail.com','+454 
45544545','3030122221222');
Insert into DEEZER.TBL_EMPLEADOS (CODIGO_EMPLEADO,CODIGO_EMPLEADO_SUPERIOR,CODIGO_DEPARTAMENTO,SUELDO,CORREO,TELEFONO,IDENTIDAD) values (2,1,null,34242,'Correo@gmail.com','+324 43848484','4038764647180');
Insert into DEEZER.TBL_EMPLEADOS (CODIGO_EMPLEADO,CODIGO_EMPLEADO_SUPERIOR,CODIGO_DEPARTAMENTO,SUELDO,CORREO,TELEFONO,IDENTIDAD) values (3,2,null,4233,'Correo@gmail.com','+323 32834955','0232983982339');
Insert into DEEZER.TBL_EMPLEADOS (CODIGO_EMPLEADO,CODIGO_EMPLEADO_SUPERIOR,CODIGO_DEPARTAMENTO,SUELDO,CORREO,TELEFONO,IDENTIDAD) values (4,3,null,34232,'Correo@gmail.com','+593 32893456','983283726379');

REM INSERTING into DEEZER.TBL_DEPARTAMENTO
SET DEFINE OFF;
Insert into DEEZER.TBL_DEPARTAMENTO (CODIGO_DEPARTAMENTO,CODIGO_JEFE,NOMBRE_DEPARTAMENTO,DESCRIPCION_DEPARTAMENTO) values (1,1,'Produccion','Desc 1');
Insert into DEEZER.TBL_DEPARTAMENTO (CODIGO_DEPARTAMENTO,CODIGO_JEFE,NOMBRE_DEPARTAMENTO,DESCRIPCION_DEPARTAMENTO) values (2,2,'Control Cal.','Desc 2');
Insert into DEEZER.TBL_DEPARTAMENTO (CODIGO_DEPARTAMENTO,CODIGO_JEFE,NOMBRE_DEPARTAMENTO,DESCRIPCION_DEPARTAMENTO) values (3,3,'Artistas','Desc 3');
Insert into DEEZER.TBL_DEPARTAMENTO (CODIGO_DEPARTAMENTO,CODIGO_JEFE,NOMBRE_DEPARTAMENTO,DESCRIPCION_DEPARTAMENTO) values (4,4,'Recursos Humanos','Desc 4');


REM INSERTING into DEEZER.TBL_FAVORITAS
SET DEFINE OFF;
Insert into DEEZER.TBL_FAVORITAS (CODIGO_USUARIO,CODIGO_CANCION) values (57,1);
Insert into DEEZER.TBL_FAVORITAS (CODIGO_USUARIO,CODIGO_CANCION) values (58,2);
Insert into DEEZER.TBL_FAVORITAS (CODIGO_USUARIO,CODIGO_CANCION) values (58,10);
Insert into DEEZER.TBL_FAVORITAS (CODIGO_USUARIO,CODIGO_CANCION) values (34,11);
Insert into DEEZER.TBL_FAVORITAS (CODIGO_USUARIO,CODIGO_CANCION) values (57,2);
Insert into DEEZER.TBL_FAVORITAS (CODIGO_USUARIO,CODIGO_CANCION) values (34,7);
Insert into DEEZER.TBL_FAVORITAS (CODIGO_USUARIO,CODIGO_CANCION) values (58,9);
Insert into DEEZER.TBL_FAVORITAS (CODIGO_USUARIO,CODIGO_CANCION) values (34,12);
Insert into DEEZER.TBL_FAVORITAS (CODIGO_USUARIO,CODIGO_CANCION) values (34,3);
Insert into DEEZER.TBL_FAVORITAS (CODIGO_USUARIO,CODIGO_CANCION) values (57,6);
Insert into DEEZER.TBL_FAVORITAS (CODIGO_USUARIO,CODIGO_CANCION) values (34,8);
Insert into DEEZER.TBL_FAVORITAS (CODIGO_USUARIO,CODIGO_CANCION) values (58,13);
Insert into DEEZER.TBL_FAVORITAS (CODIGO_USUARIO,CODIGO_CANCION) values (57,7);
Insert into DEEZER.TBL_FAVORITAS (CODIGO_USUARIO,CODIGO_CANCION) values (58,8);
Insert into DEEZER.TBL_FAVORITAS (CODIGO_USUARIO,CODIGO_CANCION) values (57,12);
Insert into DEEZER.TBL_FAVORITAS (CODIGO_USUARIO,CODIGO_CANCION) values (34,5);
Insert into DEEZER.TBL_FAVORITAS (CODIGO_USUARIO,CODIGO_CANCION) values (34,6);
Insert into DEEZER.TBL_FAVORITAS (CODIGO_USUARIO,CODIGO_CANCION) values (58,11);
Insert into DEEZER.TBL_FAVORITAS (CODIGO_USUARIO,CODIGO_CANCION) values (58,5);
Insert into DEEZER.TBL_FAVORITAS (CODIGO_USUARIO,CODIGO_CANCION) values (58,6);
Insert into DEEZER.TBL_FAVORITAS (CODIGO_USUARIO,CODIGO_CANCION) values (57,10);
Insert into DEEZER.TBL_FAVORITAS (CODIGO_USUARIO,CODIGO_CANCION) values (58,7);
Insert into DEEZER.TBL_FAVORITAS (CODIGO_USUARIO,CODIGO_CANCION) values (34,9);
Insert into DEEZER.TBL_FAVORITAS (CODIGO_USUARIO,CODIGO_CANCION) values (57,8);
Insert into DEEZER.TBL_FAVORITAS (CODIGO_USUARIO,CODIGO_CANCION) values (58,12);
Insert into DEEZER.TBL_FAVORITAS (CODIGO_USUARIO,CODIGO_CANCION) values (58,4);
REM INSERTING into DEEZER.TBL_FORMA_DE_PAGO
SET DEFINE OFF;
Insert into DEEZER.TBL_FORMA_DE_PAGO (CODIGO_FORMA_DE_PAGO,DESCRIPCION) values (1,'Tarjeta Credito');
Insert into DEEZER.TBL_FORMA_DE_PAGO (CODIGO_FORMA_DE_PAGO,DESCRIPCION) values (2,'Paypal');
Insert into DEEZER.TBL_FORMA_DE_PAGO (CODIGO_FORMA_DE_PAGO,DESCRIPCION) values (3,'Giro Postal');
REM INSERTING into DEEZER.TBL_GENEROS
SET DEFINE OFF;
Insert into DEEZER.TBL_GENEROS (CODIGO_GENERO,NOMBRE_GENERO,DESCRIPCION) values (1,'Pop','Desc sobre Pop');
Insert into DEEZER.TBL_GENEROS (CODIGO_GENERO,NOMBRE_GENERO,DESCRIPCION) values (2,'Rock','Desc sobre Rock');
Insert into DEEZER.TBL_GENEROS (CODIGO_GENERO,NOMBRE_GENERO,DESCRIPCION) values (3,'Tecno','Desc sobre Tecno');
Insert into DEEZER.TBL_GENEROS (CODIGO_GENERO,NOMBRE_GENERO,DESCRIPCION) values (4,'Salsa','Desc sobre Salsa');
Insert into DEEZER.TBL_GENEROS (CODIGO_GENERO,NOMBRE_GENERO,DESCRIPCION) values (5,'Bachata','Desc sobre Bachata');
Insert into DEEZER.TBL_GENEROS (CODIGO_GENERO,NOMBRE_GENERO,DESCRIPCION) values (6,'Reggaeton','Desc sobre Reggaeton');
Insert into DEEZER.TBL_GENEROS (CODIGO_GENERO,NOMBRE_GENERO,DESCRIPCION) values (7,'Jazz','Desc sobre Jazz');
Insert into DEEZER.TBL_GENEROS (CODIGO_GENERO,NOMBRE_GENERO,DESCRIPCION) values (8,'Rap','Desc sobre Rap');
Insert into DEEZER.TBL_GENEROS (CODIGO_GENERO,NOMBRE_GENERO,DESCRIPCION) values (9,'Cumbia','Desc sobre Cumbia');
REM INSERTING into DEEZER.TBL_GENEROS_X_ARTISTA
SET DEFINE OFF;
Insert into DEEZER.TBL_GENEROS_X_ARTISTA (CODIGO_GENERO,CODIGO_ARTISTA) values (1,2);
Insert into DEEZER.TBL_GENEROS_X_ARTISTA (CODIGO_GENERO,CODIGO_ARTISTA) values (2,3);
Insert into DEEZER.TBL_GENEROS_X_ARTISTA (CODIGO_GENERO,CODIGO_ARTISTA) values (2,4);
Insert into DEEZER.TBL_GENEROS_X_ARTISTA (CODIGO_GENERO,CODIGO_ARTISTA) values (3,4);
Insert into DEEZER.TBL_GENEROS_X_ARTISTA (CODIGO_GENERO,CODIGO_ARTISTA) values (4,5);
Insert into DEEZER.TBL_GENEROS_X_ARTISTA (CODIGO_GENERO,CODIGO_ARTISTA) values (5,1);
Insert into DEEZER.TBL_GENEROS_X_ARTISTA (CODIGO_GENERO,CODIGO_ARTISTA) values (6,2);
REM INSERTING into DEEZER.TBL_GENEROS_X_CANCION
SET DEFINE OFF;
Insert into DEEZER.TBL_GENEROS_X_CANCION (CODIGO_GENERO,CODIGO_CANCION) values (2,1);
Insert into DEEZER.TBL_GENEROS_X_CANCION (CODIGO_GENERO,CODIGO_CANCION) values (1,2);
Insert into DEEZER.TBL_GENEROS_X_CANCION (CODIGO_GENERO,CODIGO_CANCION) values (2,3);
Insert into DEEZER.TBL_GENEROS_X_CANCION (CODIGO_GENERO,CODIGO_CANCION) values (4,3);
Insert into DEEZER.TBL_GENEROS_X_CANCION (CODIGO_GENERO,CODIGO_CANCION) values (2,4);
Insert into DEEZER.TBL_GENEROS_X_CANCION (CODIGO_GENERO,CODIGO_CANCION) values (3,4);
Insert into DEEZER.TBL_GENEROS_X_CANCION (CODIGO_GENERO,CODIGO_CANCION) values (4,5);
Insert into DEEZER.TBL_GENEROS_X_CANCION (CODIGO_GENERO,CODIGO_CANCION) values (5,6);
Insert into DEEZER.TBL_GENEROS_X_CANCION (CODIGO_GENERO,CODIGO_CANCION) values (6,7);
REM INSERTING into DEEZER.TBL_HISTORIAL_CANCIONES
SET DEFINE OFF;
REM INSERTING into DEEZER.TBL_MIEMBROS
SET DEFINE OFF;
Insert into DEEZER.TBL_MIEMBROS (CODIGO_MIEMBRO,CODIGO_ARTISTA,NOMBRE_ARTISTICO,FECHA_DEBUT) values (1,1,'Will.I.Am',to_date('14-MAR-19','DD-MON-RR'));

REM INSERTING into DEEZER.TBL_PLAYLIST_X_GENERO
SET DEFINE OFF;
REM INSERTING into DEEZER.TBL_PLAYLIST_X_USUARIO
SET DEFINE OFF;
Insert into DEEZER.TBL_PLAYLIST_X_USUARIO (CODIGO_PLAYLIST,CODIGO_USUARIO) values (1,57);
Insert into DEEZER.TBL_PLAYLIST_X_USUARIO (CODIGO_PLAYLIST,CODIGO_USUARIO) values (2,58);
Insert into DEEZER.TBL_PLAYLIST_X_USUARIO (CODIGO_PLAYLIST,CODIGO_USUARIO) values (3,34);
Insert into DEEZER.TBL_PLAYLIST_X_USUARIO (CODIGO_PLAYLIST,CODIGO_USUARIO) values (4,57);
Insert into DEEZER.TBL_PLAYLIST_X_USUARIO (CODIGO_PLAYLIST,CODIGO_USUARIO) values (5,34);
Insert into DEEZER.TBL_PLAYLIST_X_USUARIO (CODIGO_PLAYLIST,CODIGO_USUARIO) values (6,58);
Insert into DEEZER.TBL_PLAYLIST_X_USUARIO (CODIGO_PLAYLIST,CODIGO_USUARIO) values (7,34);
Insert into DEEZER.TBL_PLAYLIST_X_USUARIO (CODIGO_PLAYLIST,CODIGO_USUARIO) values (8,58);
Insert into DEEZER.TBL_PLAYLIST_X_USUARIO (CODIGO_PLAYLIST,CODIGO_USUARIO) values (9,34);
SET DEFINE OFF;
Insert into DEEZER.TBL_TARJETAS (CODIGO_TARJETA,CODIGO_USUARIO,CODIGO_ESTADO,NUMERO_TARJETA,EMISOR,FECHA_VENCIMIENTO_TARJETA,CODIGO_SEGURIDAD) values (1,57,1,'34343343342','Ficohsa',to_date('28-FEB-19','DD-MON-RR'),2353);
Insert into DEEZER.TBL_TARJETAS (CODIGO_TARJETA,CODIGO_USUARIO,CODIGO_ESTADO,NUMERO_TARJETA,EMISOR,FECHA_VENCIMIENTO_TARJETA,CODIGO_SEGURIDAD) values (2,58,2,'646566546','Atlantida',to_date('24-FEB-19','DD-MON-RR'),3422);
Insert into DEEZER.TBL_TARJETAS (CODIGO_TARJETA,CODIGO_USUARIO,CODIGO_ESTADO,NUMERO_TARJETA,EMISOR,FECHA_VENCIMIENTO_TARJETA,CODIGO_SEGURIDAD) values (3,34,1,'878585','Occidente',to_date('10-FEB-19','DD-MON-RR'),5665);
Insert into DEEZER.TBL_TARJETAS (CODIGO_TARJETA,CODIGO_USUARIO,CODIGO_ESTADO,NUMERO_TARJETA,EMISOR,FECHA_VENCIMIENTO_TARJETA,CODIGO_SEGURIDAD) values (4,58,2,'67856785678686','Atlantida',to_date('23-FEB-19','DD-MON-RR'),6775);
Insert into DEEZER.TBL_TARJETAS (CODIGO_TARJETA,CODIGO_USUARIO,CODIGO_ESTADO,NUMERO_TARJETA,EMISOR,FECHA_VENCIMIENTO_TARJETA,CODIGO_SEGURIDAD) values (5,34,1,'76586868','Ficohsa',to_date('22-FEB-19','DD-MON-RR'),5424);

REM INSERTING into DEEZER.TBL_PROVEEDOR
SET DEFINE OFF;
Insert into DEEZER.TBL_PROVEEDOR (CODIGO_PRROVEEDOR,NOMBRE,CODIGO_TARJETA) values (1,'Ficohsa',1);
Insert into DEEZER.TBL_PROVEEDOR (CODIGO_PRROVEEDOR,NOMBRE,CODIGO_TARJETA) values (2,'Atlantida',2);
Insert into DEEZER.TBL_PROVEEDOR (CODIGO_PRROVEEDOR,NOMBRE,CODIGO_TARJETA) values (3,'Occidente',3);

REM INSERTING into DEEZER.TBL_RECIBOS
SET DEFINE OFF;
Insert into DEEZER.TBL_RECIBOS (CODIGO_RECIBO,CODIGO_USUARIO,CODIGO_FORMA_DE_PAGO,CODIGO_MEMBRESIA,CODIGO_TARJETA,IVA,IMPORTE,FECHA_INICIO,FECHA_VENCIMIENTO) values (1,57,1,1,1,'13',433,to_date('18-JAN-19','DD-MON-RR'),to_date('26-JAN-19','DD-MON-RR'));
Insert into DEEZER.TBL_RECIBOS (CODIGO_RECIBO,CODIGO_USUARIO,CODIGO_FORMA_DE_PAGO,CODIGO_MEMBRESIA,CODIGO_TARJETA,IVA,IMPORTE,FECHA_INICIO,FECHA_VENCIMIENTO) values (2,58,2,2,2,'15',5544,to_date('24-JAN-19','DD-MON-RR'),to_date('30-JAN-19','DD-MON-RR'));

REM INSERTING into DEEZER.TBL_SEGUIDORES_ALBUM
SET DEFINE OFF;
Insert into DEEZER.TBL_SEGUIDORES_ALBUM (CODIGO_USUARIO,CODIGO_ALBUM) values (57,1);
Insert into DEEZER.TBL_SEGUIDORES_ALBUM (CODIGO_USUARIO,CODIGO_ALBUM) values (58,2);
Insert into DEEZER.TBL_SEGUIDORES_ALBUM (CODIGO_USUARIO,CODIGO_ALBUM) values (34,3);
Insert into DEEZER.TBL_SEGUIDORES_ALBUM (CODIGO_USUARIO,CODIGO_ALBUM) values (34,4);
Insert into DEEZER.TBL_SEGUIDORES_ALBUM (CODIGO_USUARIO,CODIGO_ALBUM) values (34,5);
Insert into DEEZER.TBL_SEGUIDORES_ALBUM (CODIGO_USUARIO,CODIGO_ALBUM) values (58,6);
Insert into DEEZER.TBL_SEGUIDORES_ALBUM (CODIGO_USUARIO,CODIGO_ALBUM) values (57,7);
Insert into DEEZER.TBL_SEGUIDORES_ALBUM (CODIGO_USUARIO,CODIGO_ALBUM) values (34,8);
Insert into DEEZER.TBL_SEGUIDORES_ALBUM (CODIGO_USUARIO,CODIGO_ALBUM) values (57,3);
Insert into DEEZER.TBL_SEGUIDORES_ALBUM (CODIGO_USUARIO,CODIGO_ALBUM) values (58,4);
Insert into DEEZER.TBL_SEGUIDORES_ALBUM (CODIGO_USUARIO,CODIGO_ALBUM) values (57,7);
Insert into DEEZER.TBL_SEGUIDORES_ALBUM (CODIGO_USUARIO,CODIGO_ALBUM) values (58,3);
Insert into DEEZER.TBL_SEGUIDORES_ALBUM (CODIGO_USUARIO,CODIGO_ALBUM) values (57,5);
Insert into DEEZER.TBL_SEGUIDORES_ALBUM (CODIGO_USUARIO,CODIGO_ALBUM) values (34,6);
Insert into DEEZER.TBL_SEGUIDORES_ALBUM (CODIGO_USUARIO,CODIGO_ALBUM) values (34,2);
Insert into DEEZER.TBL_SEGUIDORES_ALBUM (CODIGO_USUARIO,CODIGO_ALBUM) values (34,7);
Insert into DEEZER.TBL_SEGUIDORES_ALBUM (CODIGO_USUARIO,CODIGO_ALBUM) values (34,1);
REM INSERTING into DEEZER.TBL_SEGUIDORES_ARTISTA
SET DEFINE OFF;
Insert into DEEZER.TBL_SEGUIDORES_ARTISTA (CODIGO_ARTISTA,CODIGO_USUARIO) values (1,57);
Insert into DEEZER.TBL_SEGUIDORES_ARTISTA (CODIGO_ARTISTA,CODIGO_USUARIO) values (1,58);
Insert into DEEZER.TBL_SEGUIDORES_ARTISTA (CODIGO_ARTISTA,CODIGO_USUARIO) values (1,34);
Insert into DEEZER.TBL_SEGUIDORES_ARTISTA (CODIGO_ARTISTA,CODIGO_USUARIO) values (2,34);
Insert into DEEZER.TBL_SEGUIDORES_ARTISTA (CODIGO_ARTISTA,CODIGO_USUARIO) values (2,57);
Insert into DEEZER.TBL_SEGUIDORES_ARTISTA (CODIGO_ARTISTA,CODIGO_USUARIO) values (3,58);
Insert into DEEZER.TBL_SEGUIDORES_ARTISTA (CODIGO_ARTISTA,CODIGO_USUARIO) values (3,57);
Insert into DEEZER.TBL_SEGUIDORES_ARTISTA (CODIGO_ARTISTA,CODIGO_USUARIO) values (3,34);
Insert into DEEZER.TBL_SEGUIDORES_ARTISTA (CODIGO_ARTISTA,CODIGO_USUARIO) values (4,34);
Insert into DEEZER.TBL_SEGUIDORES_ARTISTA (CODIGO_ARTISTA,CODIGO_USUARIO) values (4,57);
Insert into DEEZER.TBL_SEGUIDORES_ARTISTA (CODIGO_ARTISTA,CODIGO_USUARIO) values (4,58);
Insert into DEEZER.TBL_SEGUIDORES_ARTISTA (CODIGO_ARTISTA,CODIGO_USUARIO) values (5,57);
Insert into DEEZER.TBL_SEGUIDORES_ARTISTA (CODIGO_ARTISTA,CODIGO_USUARIO) values (5,58);
Insert into DEEZER.TBL_SEGUIDORES_ARTISTA (CODIGO_ARTISTA,CODIGO_USUARIO) values (5,34);
Insert into DEEZER.TBL_SEGUIDORES_ARTISTA (CODIGO_ARTISTA,CODIGO_USUARIO) values (6,57);
Insert into DEEZER.TBL_SEGUIDORES_ARTISTA (CODIGO_ARTISTA,CODIGO_USUARIO) values (6,58);
Insert into DEEZER.TBL_SEGUIDORES_ARTISTA (CODIGO_ARTISTA,CODIGO_USUARIO) values (6,34);
Insert into DEEZER.TBL_SEGUIDORES_ARTISTA (CODIGO_ARTISTA,CODIGO_USUARIO) values (7,57);
Insert into DEEZER.TBL_SEGUIDORES_ARTISTA (CODIGO_ARTISTA,CODIGO_USUARIO) values (7,34);
Insert into DEEZER.TBL_SEGUIDORES_ARTISTA (CODIGO_ARTISTA,CODIGO_USUARIO) values (7,58);
Insert into DEEZER.TBL_SEGUIDORES_ARTISTA (CODIGO_ARTISTA,CODIGO_USUARIO) values (8,57);
Insert into DEEZER.TBL_SEGUIDORES_ARTISTA (CODIGO_ARTISTA,CODIGO_USUARIO) values (8,34);
Insert into DEEZER.TBL_SEGUIDORES_ARTISTA (CODIGO_ARTISTA,CODIGO_USUARIO) values (9,58);
Insert into DEEZER.TBL_SEGUIDORES_ARTISTA (CODIGO_ARTISTA,CODIGO_USUARIO) values (10,57);
REM INSERTING into DEEZER.TBL_SEGUIDORES_PLAYLIST
SET DEFINE OFF;
Insert into DEEZER.TBL_SEGUIDORES_PLAYLIST (CODIGO_SEGUIDOR,CODIGO_PLAYLIST) values (34,1);
Insert into DEEZER.TBL_SEGUIDORES_PLAYLIST (CODIGO_SEGUIDOR,CODIGO_PLAYLIST) values (34,2);
Insert into DEEZER.TBL_SEGUIDORES_PLAYLIST (CODIGO_SEGUIDOR,CODIGO_PLAYLIST) values (34,3);
Insert into DEEZER.TBL_SEGUIDORES_PLAYLIST (CODIGO_SEGUIDOR,CODIGO_PLAYLIST) values (34,4);
Insert into DEEZER.TBL_SEGUIDORES_PLAYLIST (CODIGO_SEGUIDOR,CODIGO_PLAYLIST) values (34,5);
Insert into DEEZER.TBL_SEGUIDORES_PLAYLIST (CODIGO_SEGUIDOR,CODIGO_PLAYLIST) values (34,6);
Insert into DEEZER.TBL_SEGUIDORES_PLAYLIST (CODIGO_SEGUIDOR,CODIGO_PLAYLIST) values (34,7);
Insert into DEEZER.TBL_SEGUIDORES_PLAYLIST (CODIGO_SEGUIDOR,CODIGO_PLAYLIST) values (34,8);
Insert into DEEZER.TBL_SEGUIDORES_PLAYLIST (CODIGO_SEGUIDOR,CODIGO_PLAYLIST) values (34,9);
Insert into DEEZER.TBL_SEGUIDORES_PLAYLIST (CODIGO_SEGUIDOR,CODIGO_PLAYLIST) values (58,2);
Insert into DEEZER.TBL_SEGUIDORES_PLAYLIST (CODIGO_SEGUIDOR,CODIGO_PLAYLIST) values (57,3);
Insert into DEEZER.TBL_SEGUIDORES_PLAYLIST (CODIGO_SEGUIDOR,CODIGO_PLAYLIST) values (58,4);
Insert into DEEZER.TBL_SEGUIDORES_PLAYLIST (CODIGO_SEGUIDOR,CODIGO_PLAYLIST) values (58,3);
Insert into DEEZER.TBL_SEGUIDORES_PLAYLIST (CODIGO_SEGUIDOR,CODIGO_PLAYLIST) values (57,1);
Insert into DEEZER.TBL_SEGUIDORES_PLAYLIST (CODIGO_SEGUIDOR,CODIGO_PLAYLIST) values (57,4);
Insert into DEEZER.TBL_SEGUIDORES_PLAYLIST (CODIGO_SEGUIDOR,CODIGO_PLAYLIST) values (58,5);
REM INSERTING into DEEZER.TBL_SEGUIDORES_USUARIOS
SET DEFINE OFF;
Insert into DEEZER.TBL_SEGUIDORES_USUARIOS (CODIGO_USUARIO_SEGUIDOR,CODIGO_USUARIO_SEGUIDO) values (57,34);
Insert into DEEZER.TBL_SEGUIDORES_USUARIOS (CODIGO_USUARIO_SEGUIDOR,CODIGO_USUARIO_SEGUIDO) values (58,57);
Insert into DEEZER.TBL_SEGUIDORES_USUARIOS (CODIGO_USUARIO_SEGUIDOR,CODIGO_USUARIO_SEGUIDO) values (34,58);


REM INSERTING into DEEZER.TBL_TENDENCIAS
SET DEFINE OFF;
Insert into DEEZER.TBL_TENDENCIAS (CODIGO_LUGAR,CODIGO_CANCION,RANKING,REPRODUCCIONES) values (1,1,1,4344);
Insert into DEEZER.TBL_TENDENCIAS (CODIGO_LUGAR,CODIGO_CANCION,RANKING,REPRODUCCIONES) values (2,5,2,324234);
Insert into DEEZER.TBL_TENDENCIAS (CODIGO_LUGAR,CODIGO_CANCION,RANKING,REPRODUCCIONES) values (5,6,3,324234);
Insert into DEEZER.TBL_TENDENCIAS (CODIGO_LUGAR,CODIGO_CANCION,RANKING,REPRODUCCIONES) values (4,4,4,322434);
Insert into DEEZER.TBL_TENDENCIAS (CODIGO_LUGAR,CODIGO_CANCION,RANKING,REPRODUCCIONES) values (5,3,5,24234);
Insert into DEEZER.TBL_TENDENCIAS (CODIGO_LUGAR,CODIGO_CANCION,RANKING,REPRODUCCIONES) values (2,6,4,2433);
commit;